{
  "F_vac_N": 800000.0,
  "F_sea_N": 244697.13942757394,
  "I_sp_vac_s": 201.48834693441037,
  "I_sp_sea_s": 61.62952765355101,
  "mdot_kg_s": 404.873523850934,
  "p_c_Pa": 2000000.0,
  "T_c_K": 3700.0,
  "A_t_m2": 0.22369033190730012,
  "A_e_m2": 5.592258297682503,
  "D_t_m": 0.5336772211358737,
  "D_e_m": 2.6683861056793687,
  "expansion_ratio": 25.0,
  "M_exit": 4.006929303907084,
  "p_e_Pa": 7090.373258409868,
  "v_e_m_s": 2881.650615224341,
  "c_star_m_s": 706.4619791681143,
  "C_F_vac": 1.8246799574479156,
  "burn_time_s": 180.0,
  "propellant_mass_kg": 72877.23429316812,
  "nozzle_contour": {
    "x_m": [
      -0.4002579158519053,
      -0.3259582730706441,
      -0.25165863028938296,
      -0.17735898750812173,
      -0.10305934472686057,
      -0.028759701945599403,
      0.04553994083566182,
      0.11983958361692293,
      0.19413922639818415,
      0.26843886917944537,
      0.3427385119607065,
      0.4170381547419677,
      0.4913377975232289,
      0.56563744030449,
      0.6399370830857511,
      0.7142367258670124,
      0.7885363686482736,
      0.8628360114295348,
      0.937135654210796,
      1.011435296992057,
      1.0857349397733183,
      1.1600345825545795,
      1.2343342253358407,
      1.308633868117102,
      1.3829335108983631,
      1.4572331536796241,
      1.5315327964608854,
      1.6058324392421466,
      1.6801320820234076,
      1.754431724804669,
      1.82873136758593,
      1.9030310103671915,
      1.9773306531484525,
      2.0516302959297135,
      2.125929938710975,
      2.200229581492236,
      2.2745292242734974,
      2.3488288670547584,
      2.4231285098360194,
      2.497428152617281,
      2.571727795398542,
      2.6460274381798032,
      2.7203270809610642,
      2.7946267237423252,
      2.8689263665235867,
      2.9432260093048477,
      3.017525652086109,
      3.09182529486737,
      3.1661249376486316,
      3.2404245804298926,
      3.3147242232111536,
      3.389023865992415,
      3.463323508773676,
      3.5376231515549375,
      3.6119227943361985,
      3.6862224371174594,
      3.7605220798987204,
      3.8348217226799823,
      3.9091213654612433,
      3.9834210082425043
    ],
    "r_m": [
      0.6670965264198421,
      0.5927968836385809,
      0.5184972408573197,
      0.4441975980760585,
      0.3698979552947974,
      0.29559831251353624,
      0.27904100093821355,
      0.2989495302193733,
      0.3188580595005332,
      0.338766588781693,
      0.35867511806285285,
      0.3785836473440127,
      0.3984921766251725,
      0.4184007059063323,
      0.4383092351874921,
      0.458217764468652,
      0.4781262937498118,
      0.4980348230309717,
      0.5179433523121315,
      0.5378518815932913,
      0.5577604108744512,
      0.577668940155611,
      0.5975774694367708,
      0.6174859987179306,
      0.6373945279990905,
      0.6573030572802503,
      0.6772115865614101,
      0.6971201158425699,
      0.7170286451237298,
      0.7369371744048896,
      0.7568457036860494,
      0.7767542329672092,
      0.7966627622483691,
      0.8165712915295289,
      0.8364798208106887,
      0.8563883500918485,
      0.8762968793730084,
      0.8962054086541682,
      0.916113937935328,
      0.9360224672164879,
      0.9559309964976477,
      0.9758395257788075,
      0.9957480550599673,
      1.0156565843411272,
      1.035565113622287,
      1.0554736429034468,
      1.0753821721846066,
      1.0952907014657665,
      1.1151992307469263,
      1.135107760028086,
      1.155016289309246,
      1.1749248185904058,
      1.1948333478715656,
      1.2147418771527254,
      1.2346504064338852,
      1.254558935715045,
      1.274467464996205,
      1.2943759942773647,
      1.3142845235585245,
      1.3341930528396844
    ]
  },
  "propellant_id": "LOX_RP1"
}