{
  "total_length_m": 9.0,
  "max_radius_m": 0.5,
  "profile": {
    "x_m": [
      0.0,
      0.02531645569620253,
      0.05063291139240506,
      0.0759493670886076,
      0.10126582278481013,
      0.12658227848101267,
      0.1518987341772152,
      0.17721518987341772,
      0.20253164556962025,
      0.22784810126582278,
      0.25316455696202533,
      0.27848101265822783,
      0.3037974683544304,
      0.3291139240506329,
      0.35443037974683544,
      0.37974683544303794,
      0.4050632911392405,
      0.43037974683544306,
      0.45569620253164556,
      0.4810126582278481,
      0.5063291139240507,
      0.5316455696202531,
      0.5569620253164557,
      0.5822784810126582,
      0.6075949367088608,
      0.6329113924050633,
      0.6582278481012658,
      0.6835443037974683,
      0.7088607594936709,
      0.7341772151898734,
      0.7594936708860759,
      0.7848101265822784,
      0.810126582278481,
      0.8354430379746836,
      0.8607594936708861,
      0.8860759493670886,
      0.9113924050632911,
      0.9367088607594937,
      0.9620253164556962,
      0.9873417721518987,
      1.0126582278481013,
      1.0379746835443038,
      1.0632911392405062,
      1.0886075949367089,
      1.1139240506329113,
      1.139240506329114,
      1.1645569620253164,
      1.1898734177215189,
      1.2151898734177216,
      1.240506329113924,
      1.2658227848101267,
      1.2911392405063291,
      1.3164556962025316,
      1.3417721518987342,
      1.3670886075949367,
      1.3924050632911391,
      1.4177215189873418,
      1.4430379746835442,
      1.4683544303797469,
      1.4936708860759493,
      1.5189873417721518,
      1.5443037974683544,
      1.5696202531645569,
      1.5949367088607596,
      1.620253164556962,
      1.6455696202531644,
      1.6708860759493671,
      1.6962025316455696,
      1.7215189873417722,
      1.7468354430379747,
      1.7721518987341771,
      1.7974683544303798,
      1.8227848101265822,
      1.8481012658227849,
      1.8734177215189873,
      1.8987341772151898,
      1.9240506329113924,
      1.9493670886075949,
      1.9746835443037973,
      2.0,
      2.0,
      2.1025641025641026,
      2.2051282051282053,
      2.3076923076923075,
      2.41025641025641,
      2.5128205128205128,
      2.6153846153846154,
      2.717948717948718,
      2.8205128205128203,
      2.923076923076923,
      3.0256410256410255,
      3.128205128205128,
      3.230769230769231,
      3.333333333333333,
      3.435897435897436,
      3.5384615384615383,
      3.641025641025641,
      3.7435897435897436,
      3.846153846153846,
      3.948717948717949,
      4.051282051282051,
      4.153846153846153,
      4.256410256410256,
      4.3589743589743595,
      4.461538461538462,
      4.564102564102564,
      4.666666666666666,
      4.769230769230769,
      4.871794871794872,
      4.9743589743589745,
      5.076923076923077,
      5.179487179487179,
      5.282051282051282,
      5.384615384615385,
      5.487179487179487,
      5.589743589743589,
      5.692307692307692,
      5.794871794871795,
      5.897435897435898,
      6.0,
      6.0,
      6.103448275862069,
      6.206896551724138,
      6.310344827586207,
      6.413793103448276,
      6.517241379310345,
      6.620689655172414,
      6.724137931034483,
      6.827586206896552,
      6.931034482758621,
      7.0344827586206895,
      7.137931034482759,
      7.241379310344827,
      7.344827586206897,
      7.448275862068965,
      7.551724137931035,
      7.655172413793103,
      7.758620689655173,
      7.862068965517241,
      7.9655172413793105,
      8.068965517241379,
      8.172413793103448,
      8.275862068965518,
      8.379310344827587,
      8.482758620689655,
      8.586206896551724,
      8.689655172413794,
      8.793103448275861,
      8.89655172413793,
      9.0
    ],
    "r_m": [
      0.5,
      0.49157903519515467,
      0.4831939814515229,
      0.47484514903266833,
      0.46653285499189173,
      0.4582574234131391,
      0.4500191856638206,
      0.441818480660302,
      0.4336556551468877,
      0.4255310639891794,
      0.4174450704827681,
      0.4093980466782932,
      0.40139037372399,
      0.3934224422269403,
      0.38549465263434635,
      0.37760741563626227,
      0.3697611525913425,
      0.36195629597731077,
      0.3541932898680036,
      0.34647259043901674,
      0.33879466650417533,
      0.3311600000852573,
      0.32356908701764053,
      0.3160224375948064,
      0.30852057725492976,
      0.3010640473131162,
      0.2936534057432209,
      0.28628922801360307,
      0.27897210798164257,
      0.27170265885237943,
      0.26448151420724536,
      0.2573093291095414,
      0.25018678129410166,
      0.2431145724494757,
      0.23609342960198743,
      0.22912410661220017,
      0.22220738579567254,
      0.21534407968144964,
      0.20853503292354064,
      0.20178112438273707,
      0.19508326939857526,
      0.18844242227411356,
      0.18185957899956343,
      0.17533578024478874,
      0.16887211465539267,
      0.16246972249271216,
      0.1561297996647358,
      0.149853602202999,
      0.14364245125022404,
      0.1374977386352606,
      0.13142093312628159,
      0.1254135874708876,
      0.11947734635366114,
      0.11361395542898932,
      0.10782527162120599,
      0.10211327492742946,
      0.09648008201377421,
      0.09092796196687011,
      0.08545935465536424,
      0.08007689227812073,
      0.07478342483834091,
      0.06958205050206068,
      0.06447615209947821,
      0.05946944144456616,
      0.054566013738215305,
      0.049770415170598215,
      0.045087728091561446,
      0.04052368000992987,
      0.03608478561988349,
      0.031778535760158266,
      0.027613655041268895,
      0.02360046347726639,
      0.01975140234967541,
      0.016081833069346328,
      0.012611320273921069,
      0.009365850137687448,
      0.006382079682964336,
      0.0037168400902853906,
      0.0014750289673291603,
      0.0,
      0.5,
      0.5,
      0.5,
      0.5,
      0.5,
      0.5,
      0.5,
      0.5,
      0.5,
      0.5,
      0.5,
      0.5,
      0.5,
      0.5,
      0.5,
      0.5,
      0.5,
      0.5,
      0.5,
      0.5,
      0.5,
      0.5,
      0.5,
      0.5,
      0.5,
      0.5,
      0.5,
      0.5,
      0.5,
      0.5,
      0.5,
      0.5,
      0.5,
      0.5,
      0.5,
      0.5,
      0.5,
      0.5,
      0.5,
      0.5,
      0.5,
      0.5,
      0.5,
      0.5,
      0.5,
      0.5,
      0.5,
      0.5,
      0.5,
      0.5,
      0.5,
      0.5,
      0.5,
      0.5,
      0.5,
      0.5,
      0.5,
      0.5,
      0.5,
      0.5,
      0.5,
      0.5,
      0.5,
      0.5,
      0.5,
      0.5,
      0.5,
      0.5,
      0.5,
      0.5
    ]
  },
  "fins": [
    {
      "polygon_xr": [
        [
          8.8,
          0.5
        ],
        [
          9.600000000000001,
          0.5
        ],
        [
          9.380083015283885,
          0.9
        ],
        [
          9.080083015283885,
          0.9
        ]
      ]
    },
    {
      "polygon_xr": [
        [
          8.8,
          0.5
        ],
        [
          9.600000000000001,
          0.5
        ],
        [
          9.380083015283885,
          0.9
        ],
        [
          9.080083015283885,
          0.9
        ]
      ]
    },
    {
      "polygon_xr": [
        [
          8.8,
          0.5
        ],
        [
          9.600000000000001,
          0.5
        ],
        [
          9.380083015283885,
          0.9
        ],
        [
          9.080083015283885,
          0.9
        ]
      ]
    },
    {
      "polygon_xr": [
        [
          8.8,
          0.5
        ],
        [
          9.600000000000001,
          0.5
        ],
        [
          9.380083015283885,
          0.9
        ],
        [
          9.080083015283885,
          0.9
        ]
      ]
    }
  ],
  "spec": {
    "nose": {
      "type": "von_karman",
      "length_m": 2.0,